nk_ota_localizer_id,fk_contact,date_purchase,time_purchase,place_origin_departure,place_destination_departure,place_origin_return,place_destination_return,fk_departure_ota_bus_company,fk_return_ota_bus_company,gmv_success,total_tickets_quantity_success
32ffc28677055fe33838574d0a84402852f11e54533d13d2e40a2f205788af43,ec3b0f8cc185df671cf51814ea7a41dd4d108b9c958934dc5c4ab3b6b0fcad71,2023-04-04,20:02:56,4e07408562bedb8b60ce05c1decfe3ad16b72230967de01f640b7e4729b49fce,624b60c58c9d8bfb6ff1886c2fd605d2adeb6ea4da576068201b6c6958ce93f4,0,0,4a44dc15364204a80fe80e9039455cc1608281820fe2b24f1e5233ade6af1dd5,1,71.15,1
d7b871c68d67c02824559ea3890bd313883b2ce254a4187dfff945abf9551b55,befdb66ce38a83d819c5735dd0d09b61770c1361ab91c6af78f0384874ba49a8,2023-10-27,19:04:38,6b86b273ff34fce19d6b804eff5a3f5747ada4eaa22f1d49c01e52ddb7875b4b,7688b6ef52555962d008fff894223582c484517cea7da49ee67800adc7fc8866,0,0,1dfacb2ea5a03e0a915999e03b5a56196f1b1664d2f768d1b7eff60ac059789d,1,126.15,1
7cf9d60bb98fbfe1a21f2d6081cac0a9a03155c0b2cbbb644a5ceab384366908,cc75708c0b610683713ee5342c00d78787466d80f6e82e22fcb6dbcb02b44ee3,2019-06-19,15:39:56,828bb918957379a792e06807bcd291daf3c1efaa51325f32d2fc7e3280f1b983,81b8a03f97e8787c53fe1a86bda042b6f0de9b0ec9c09357e107c99ba4d6948a,0,0,c75cb66ae28d8ebc6eded002c28a8ba0d06d3a78c6b5cbf9b2ade051f0775ac4,1,367.22,3
1f40e74d702c37ba956fb1008b07041acc15e2a625095c03af7d2571d2f0462e,b92896fedfd0a38431d238bd9ca81b3673f84030b97af25bc634b3f064e33f91,2018-02-11,10:01:15,48449a14a4ff7d79bb7a1b6f3d488eba397c36ef25634c111b49baf362511afc,63c5cd559eaf56798fe5361fcff2c40386f79d8f13548d9ef28b1dc3eafb0ecf,0,0,89aa1e580023722db67646e8149eb246c748e180e34a1cf679ab0b41a416d904,1,33.16,1
55cb507bd12a84113e788552ec562914bb781bbd5730452a1181c82d78ec5182,957f61b63faa6589473bc646044e2a5d977ffe62778003e002cb50bf4462c39c,2023-10-20,23:55:19,6b86b273ff34fce19d6b804eff5a3f5747ada4eaa22f1d49c01e52ddb7875b4b,60f256c7ccbc748036024fa0440e45fe1574db20a874e4041a16faf0105a01ff,0,0,8527a891e224136950ff32ca212b45bc93f69fbb801c3b1ebedac52775f99e61,1,50.03,1
ae5bcdffc35e216f170d8df2c64dbadf302bf3b7a50aa8aafb75f295a8374519,8548f5f4b3ebba83199c8d0c7296de3fb77be1b635cb063e52cd6efef91d56c7,2017-12-08,06:47:02,2fca346db656187102ce806ac732e06a62df0dbb2829e511a770556d398e1a6e,29db0c6782dbd5000559ef4d9e953e300e2b479eed26d887ef3f92b921c06a67,0,0,620c9c332101a5bae955c66ae72268fbcd3972766179522c8deede6a249addb7,1,104.73,2
fa60adfb83242a6ea06d9f652f429a11b4e545e9d9d272fe87734a134958f355,bdfd7cea2fb3ae64d46fe53afc0f604a8083e53a21e1eeb791b71f87ca5e9b37,2014-11-24,10:23:26,5feceb66ffc86f38d952786c6d696c79c2dbc239dd4e91b46729d73a27fb57e9,5feceb66ffc86f38d952786c6d696c79c2dbc239dd4e91b46729d73a27fb57e9,0,0,d6d824abba4afde81129c71dea75b8100e96338da5f416d2f69088f1960cb091,1,179.67,1
fec4ac6f0f6c2c55e81afaa152d5f8f6a4f956de6029c63489498a1b51dd3cf9,3fd7aca26597c118c469951ae6b02d28ecd8751de1e5a7954a376f7c75a8933b,2020-12-26,11:18:42,4e07408562bedb8b60ce05c1decfe3ad16b72230967de01f640b7e4729b49fce,8c1f1046219ddd216a023f792356ddf127fce372a72ec9b4cdac989ee5b0b455,0,0,ec2e990b934dde55cb87300629cedfc21b15cd28bbcf77d8bbdc55359d7689da,1,181.09,1
e9f8dc0d176bf4393084b511e14f85794dc2c543d93e9a7a8030383f0e883c08,d012ad1af459bf9d7e329f8bca86b1bba5d53a62e135d6c853dd551407675e33,2019-05-29,06:53:30,5e968ce47ce4a17e3823c29332a39d049a8d0afb08d157eb6224625f92671a51,a3af7b3808c4cf72478d05c9bab9c0d47e31c1d2cb3a29e7481669f7ea278c4e,0,0,5d389f5e2e34c6b0bad96581c22cee0be36dcf627cd73af4d4cccacd9ef40cc3,1,102.81,2
488092ecbed8db6fa47a7fb3508014e952493d218e61ac7d4e5da47166ea5621,1a060a0d8d1084e70fcdca2987ffff50d8e29e54daa5e6c6fc7501830d013c9b,2023-05-28,11:19:32,624b60c58c9d8bfb6ff1886c2fd605d2adeb6ea4da576068201b6c6958ce93f4,7688b6ef52555962d008fff894223582c484517cea7da49ee67800adc7fc8866,0,0,ec2e990b934dde55cb87300629cedfc21b15cd28bbcf77d8bbdc55359d7689da,1,90.85,1
66807620c1c7d2606c8c9d081e088292f5c9f964f0d200fc4eff56756013dea3,f99ea53d7aaaf15e4a4fb82dbb2f52f9020953b27245ec9917bd0ba0d6353831,2018-09-11,20:04:19,7688b6ef52555962d008fff894223582c484517cea7da49ee67800adc7fc8866,81b8a03f97e8787c53fe1a86bda042b6f0de9b0ec9c09357e107c99ba4d6948a,81b8a03f97e8787c53fe1a86bda042b6f0de9b0ec9c09357e107c99ba4d6948a,7688b6ef52555962d008fff894223582c484517cea7da49ee67800adc7fc8866,ec2e990b934dde55cb87300629cedfc21b15cd28bbcf77d8bbdc55359d7689da,ec2e990b934dde55cb87300629cedfc21b15cd28bbcf77d8bbdc55359d7689da,192.7,2
f85f90d2b83c45c20f5e8fb2891b3866ff485ba9ac9d5913406bea00f523fbcb,d5b493b73238520813060050e51aabc1f7a06180a0bc13bfd46e79965eb0e003,2024-01-09,23:52:24,6b86b273ff34fce19d6b804eff5a3f5747ada4eaa22f1d49c01e52ddb7875b4b,7688b6ef52555962d008fff894223582c484517cea7da49ee67800adc7fc8866,0,0,d029fa3a95e174a19934857f535eb9427d967218a36ea014b70ad704bc6c8d1c,1,120.24,1
ed87ee8475d72b8825af0cf5ba4b9479aed710fca609ee59bb3e8ef557ae295b,13acd02f3a3bdce1a49290068b0b9a937e471f4f5227e209242bb875eb9ab1fa,2020-01-05,05:00:58,eb1e33e8a81b697b75855af6bfcdbcbf7cbbde9f94962ceaec1ed8af21f5a50f,7688b6ef52555962d008fff894223582c484517cea7da49ee67800adc7fc8866,0,0,2397346b45823e070f6fc72ac94c0a999d234c472479f0e26b30cdf5942db854,1,132.0,1
7bddcac3a9e6378f19d6c668ad1f8a2ea5126443115ee5abc13dbc429acf3822,a69a11a22969c515019d53a95edd715ae04eb5443003c3a96a23c7357ceda259,2024-02-20,22:16:46,7b69759630f869f2723875f873935fed29d2d12b10ef763c1c33b8e0004cb405,4652614c4d8778e57a970722f142d832798c133a14b1232a92ffe26a0e98919e,0,0,7ed8f0f3b707956d9fb1e889e11153e0aa0a854983081d262fbe5eede32da7ca,1,47.7,1
17f364ec23db79f009b6f2caeda5421ffc06d0fdfaf87bf6b1442b60fbaaf059,06152e1b66098107820eae4863474aea65f5778d65eb6b04b9463ac4e367bd78,2023-06-30,18:27:32,2851eb1b0839402a67f3fc2b4c442d372b22ddb9d78a9ee478d359f4f56c528c,4652614c4d8778e57a970722f142d832798c133a14b1232a92ffe26a0e98919e,0,0,35135aaa6cc23891b40cb3f378c53a17a1127210ce60e125ccf03efcfdaec458,1,102.14,2
290ec77285018227d81d5c7d8e366ea9160d934224084649afdc76770e989061,7a544d21c1af53328a047ed5e9223f54b841e4d46c597c9b86d6a459e33c7d19,2020-06-17,18:09:21,d7be6321b3d940822dd195bcc86cca411cd9d95f82301d04b84119671575a2d9,fbb2a73b0bacf3953186a92029e3e9b130373a9ff1449407e6125b3481f4f0ca,0,0,5d389f5e2e34c6b0bad96581c22cee0be36dcf627cd73af4d4cccacd9ef40cc3,1,143.95,1
d06f2c63512fb44ed08f62aca45234b2a7d57824d5db4321540d84ec25b41469,f4fb41d243c29fee2c72e3d811ac15d10d0768e3f91999fe90c95950de652da9,2023-03-31,10:42:35,6b86b273ff34fce19d6b804eff5a3f5747ada4eaa22f1d49c01e52ddb7875b4b,ff5a1ae012afa5d4c889c50ad427aaf545d31a4fac04ffc1c4d03d403ba4250a,0,0,5f9c4ab08cac7457e9111a30e4664920607ea2c115a1433d7be98e97e64244ca,1,236.0,2
0c6c190e9cb0d4d4753b2647fe0183255760f29da3d0aee55ec3744e12a6b0b2,7dd35a3789fc5037c812c05958456a399ac1ff88bc660609ece2c4cf1441a5ca,2021-09-12,10:36:42,81b8a03f97e8787c53fe1a86bda042b6f0de9b0ec9c09357e107c99ba4d6948a,8c144858bb5ea1a931069f55943c55a427e2530405bbe720e97aae0fda85ee8c,0,0,05ada863a4cf9660fd8c68e2295f1d35b2264815f5b605003d6625bd9e0492cf,1,273.71,4
b7cffbb7f04843bb0a3f636f563c5d29051a4b3acc0d3aab72b24c1c655b90e5,496b6e381a13e4cd03eef1a90a6b628cddd859218758a9b3755b2c533046bf93,2022-09-30,15:11:52,f369cb89fc627e668987007d121ed1eacdc01db9e28f8bb26f358b7d8c4f08ac,76ced5b53829bb4ca8ab376be09683e92512ef0aab8fb68fcee5121596f94143,0,0,b4bbe448fde336bb6a7d7d765f36d3327c772b845e7b54c8282aa08c9775ddd7,1,198.98,2
6901596f4864d9e2707efac055b24ef5e38fde8a804edf80f4458b6684ad10dc,c8f9e4a463ad22cd4061e01f7a570c67c60c7b268d1ec93f6e19467660d5ea9e,2017-08-27,16:58:21,70260742c2952154c84e2ea9f68b1a7397f49b6d343da1ed284093c0bd72c742,2fca346db656187102ce806ac732e06a62df0dbb2829e511a770556d398e1a6e,0,0,1d0ebea552eb43d0b1e1561f6de8ae92e3de7f1abec52399244d1caed7dbdfa6,1,55.99,1
02cc6f3b1ca1160fe8388e5a962357907e68743072bbc5e72397c2752914bd63,a71205a3f0d91cb0df7f8ec20b534dd6ff9f1442e1720a41436e051ac9920b68,2022-02-26,23:16:08,4fdc8d7d404bc07349ffce4cd89e1086a602d2d0333732a7b0c917314035492d,d7be6321b3d940822dd195bcc86cca411cd9d95f82301d04b84119671575a2d9,0,0,5d389f5e2e34c6b0bad96581c22cee0be36dcf627cd73af4d4cccacd9ef40cc3,1,32.34,1
40341f6ecb3739f6e6cc05e2188f8288d192e7089ae9416b06e92601be2c1817,dea0d0b895ce6523750eb26b66953e0c7b916ab40657867be8554f74fe84b7a5,2023-09-23,09:50:56,7688b6ef52555962d008fff894223582c484517cea7da49ee67800adc7fc8866,81b8a03f97e8787c53fe1a86bda042b6f0de9b0ec9c09357e107c99ba4d6948a,81b8a03f97e8787c53fe1a86bda042b6f0de9b0ec9c09357e107c99ba4d6948a,7688b6ef52555962d008fff894223582c484517cea7da49ee67800adc7fc8866,35135aaa6cc23891b40cb3f378c53a17a1127210ce60e125ccf03efcfdaec458,35135aaa6cc23891b40cb3f378c53a17a1127210ce60e125ccf03efcfdaec458,318.58,2
2e3d1b02f8da6779295d5d96c85f0d9475369e55eb191ee7baaefa17658fb899,5e86c72aad609b9f6257581e77c177265b565ed457bbb12db63513f728e39f8f,2023-01-17,09:04:35,b74b161d6ec2fc6b53456bc66dd86970454302033f0a809f6289ce79070da5ce,6b86b273ff34fce19d6b804eff5a3f5747ada4eaa22f1d49c01e52ddb7875b4b,0,0,922c7954216ccfe7a61def609305ce1dc7c67e225f873f256d30d7a8ee4f404c,1,28.7,1
03c1dba6021eda51987cd469b8d1eeb9369670c05bb9cbd6cf24cdd0ee997471,d62492c07e95d3d18e8a15bb4b13eaa0d392ef4640ae6fe4cc667c732c8b3e18,2023-02-23,23:30:23,2fca346db656187102ce806ac732e06a62df0dbb2829e511a770556d398e1a6e,29db0c6782dbd5000559ef4d9e953e300e2b479eed26d887ef3f92b921c06a67,0,0,1d0ebea552eb43d0b1e1561f6de8ae92e3de7f1abec52399244d1caed7dbdfa6,1,110.89,1
3b5896b96226c61c88338ceff1d645c5f892225526ca17d5fcb7f6d3d6132d94,59bdce2896fc4602eadf54e50482af8e168e6659f9c43a912677544a5abaa596,2024-01-31,15:43:43,6b86b273ff34fce19d6b804eff5a3f5747ada4eaa22f1d49c01e52ddb7875b4b,8e93e440f571a4dac32666ef784bf1f995b3ae865d4a9aa0ef981a44442ad39e,0,0,dbae772db29058a88f9bd830e957c695347c41b6162a7eb9a9ea13def34be56b,1,59.47,1
3cde047c64350bd070f8aa8278537cf0d5e8c7ed95d189848cca7973999530c5,b52fe05abf67499f877caa443171c1eb07d9bc50f819007867aaeebd375c50a9,2023-08-25,13:22:22,6b86b273ff34fce19d6b804eff5a3f5747ada4eaa22f1d49c01e52ddb7875b4b,59e19706d51d39f66711c2653cd7eb1291c94d9b55eb14bda74ce4dc636d015a,0,0,4a44dc15364204a80fe80e9039455cc1608281820fe2b24f1e5233ade6af1dd5,1,86.2,1
662cf9616aecce491171ac018303a10f58258f42e0bda334a2dd4470ec783c4f,26e9fc42c25b6939bca623407e9a9f3125f8db8cbabde5ddb121a747a55fccf0,2020-02-16,10:12:09,fbb2a73b0bacf3953186a92029e3e9b130373a9ff1449407e6125b3481f4f0ca,ab16ce326c754df41ed00df6f64f7073dcac3e2986bbf8b2a1ce4549b189a0fb,0,0,ff2ccb6ba423d356bd549ed4bfb76e96976a0dcde05a09996a1cdb9f83422ec4,1,122.76,1
515b6f6d9549ec5b75c5ac85f39521b5b117d9f56617a53441082e2eb5e09912,6e6778c1d0ff8e8db4e594ab9eb0c94c3d2b4c707714d479036aa74c65501493,2020-01-27,15:14:15,81b8a03f97e8787c53fe1a86bda042b6f0de9b0ec9c09357e107c99ba4d6948a,2abaca4911e68fa9bfbf3482ee797fd5b9045b841fdff7253557c5fe15de6477,2abaca4911e68fa9bfbf3482ee797fd5b9045b841fdff7253557c5fe15de6477,81b8a03f97e8787c53fe1a86bda042b6f0de9b0ec9c09357e107c99ba4d6948a,ec2e990b934dde55cb87300629cedfc21b15cd28bbcf77d8bbdc55359d7689da,ec2e990b934dde55cb87300629cedfc21b15cd28bbcf77d8bbdc55359d7689da,1051.42,4
0b50d8804d033e64001cb249fddfa2fa3c45db19c836b40c13061cd3134fa5b7,84f81fca3aed286e35102dfc7198fdb97a0c74ca46c2e6f66bc64a865906bdb7,2022-07-28,13:52:30,99a0b871c9047c4f5555fcf062e0623174bae38746fece6efdf032d80fb2221a,4ec24a2d7f1dfae1f98882eabf0400cd9483dd2de78b926b625c46e8787f3816,0,0,c6f3ac57944a531490cd39902d0f777715fd005efac9a30622d5f5205e7f6894,1,129.68,1
2ad0d15d2a1cffca59c6e92f1f1936c1ba7c54c170529342eaf10214fd150b65,80a12810dc6545aa3be5bca1b5b8ffa21017e554ec3a2473020ed65907f46c2d,2023-05-19,18:27:47,fc72c98a6c2916c1bbf9f39fce094f5785bb6f1d656971520b660b2e8a760fe3,811786ad1ae74adfdd20dd0372abaaebc6246e343aebd01da0bfc4c02bf0106c,0,0,2ac878b0e2180616993b4b6aa71e61166fdc86c28d47e359d0ee537eb11d46d3,1,266.68,2
